{"cameraMode":{"drawMode":0,"name":"Shaded","section":"Shading Mode"},"sceneLighting":true,"audioPlay":false,"sceneViewState":{"m_AlwaysRefresh":false,"showFog":true,"showSkybox":true,"showFlares":true,"showImageEffects":true,"showParticleSystems":true,"showVisualEffectGraphs":true,"m_FxEnabled":true},"in2DMode":false,"pivot":{"x":431.77410888671877,"y":303.78411865234377,"z":-0.89019775390625},"rotation":{"x":-0.017983166500926019,"y":-0.04198072850704193,"z":-0.0007556896889582276,"w":0.9989570379257202},"size":401.91558837890627,"orthographic":true}