{"cameraMode":{"drawMode":0,"name":"Shaded","section":"Shading Mode"},"sceneLighting":true,"audioPlay":false,"sceneViewState":{"m_AlwaysRefresh":false,"showFog":true,"showSkybox":true,"showFlares":true,"showImageEffects":true,"showParticleSystems":true,"showVisualEffectGraphs":true,"m_FxEnabled":true},"in2DMode":false,"pivot":{"x":-125.88207244873047,"y":118.78832244873047,"z":-98.90831756591797},"rotation":{"x":-0.38787269592285159,"y":-0.23844335973262788,"z":0.10459457337856293,"w":-0.8841844201087952},"size":6.941473960876465,"orthographic":false}